case_id,title,level,status,evidence,detail,metrics,parent_task_id,child_task_id,execution_time,preconditions,input_files,input_sha256,shards,candidate_set,selection_reason,execution_node,gpu_id,actual_outputs,missing_samples,duplicate_samples,log_evidence,issue_id,retry_relation,cleanup_record,test_conclusion,coverage_source,supporting_files
TC01,正常跨境接入,A,PASS-SIM,case_evidence/TC01.json,合成输入包登记成功，SHA-256与冻结值一致。,input_sha256=939ac769d791…,TC01-PARENT,TC01-S01,2026-08-06T10:00:00+08:00 (simulation),确定性合成输入、冻结镜像摘要、仿真节点资源已加载,dataset-140m.tar.gz; manifest.csv; manifest_part-01..08.csv,939ac769d7910bf51b920c47b5bd912a1cabb68b42a95151ed68820c560df6e2,NOT_APPLICABLE,海南/重庆；按健康、链路、镜像、兼容性和单卡显存过滤,合成输入包登记成功，SHA-256与冻结值一致。,海南/重庆（仿真）,海南-GPU1/重庆-GPU1（仿真）,分片结果、结果哈希、状态记录和用例证据JSON,NOT_APPLICABLE,NOT_APPLICABLE,case_evidence/TC01.json; audit_log.jsonl,NONE,NONE,case_evidence/TC01.json: cleanup_status=SIMULATED,PASS-SIM: 合成输入包登记成功，SHA-256与冻结值一致。,direct:TC01,input_manifest.json
TC04,数据完整性异常,A,PASS-SIM,case_evidence/TC04.json,篡改后的输入哈希被拒绝，未创建可执行任务。,错误哈希任务创建0,TC04-PARENT,TC04-S01,2026-08-06T10:00:00+08:00 (simulation),确定性合成输入、冻结镜像摘要、仿真节点资源已加载,dataset-140m.tar.gz; manifest.csv; manifest_part-01..08.csv,939ac769d7910bf51b920c47b5bd912a1cabb68b42a95151ed68820c560df6e2,NOT_APPLICABLE,海南/重庆；按健康、链路、镜像、兼容性和单卡显存过滤,篡改后的输入哈希被拒绝，未创建可执行任务。,海南/重庆（仿真）,海南-GPU1/重庆-GPU1（仿真）,分片结果、结果哈希、状态记录和用例证据JSON,NOT_APPLICABLE,NOT_APPLICABLE,case_evidence/TC04.json; audit_log.jsonl,NONE,NONE,case_evidence/TC04.json: cleanup_status=SIMULATED,PASS-SIM: 篡改后的输入哈希被拒绝，未创建可执行任务。,direct:TC04,input_manifest.json
TC06,资源发现准确性,A,PASS-SIM,case_evidence/TC06.json,资源快照与方案冻结的两地GPU型号、数量和单卡显存一致。,字段完整率100%,TC06-PARENT,TC06-S01,2026-08-06T10:00:00+08:00 (simulation),确定性合成输入、冻结镜像摘要、仿真节点资源已加载,dataset-140m.tar.gz; manifest.csv; manifest_part-01..08.csv,939ac769d7910bf51b920c47b5bd912a1cabb68b42a95151ed68820c560df6e2,NOT_APPLICABLE,海南/重庆；按健康、链路、镜像、兼容性和单卡显存过滤,资源快照与方案冻结的两地GPU型号、数量和单卡显存一致。,海南/重庆（仿真）,海南-GPU1/重庆-GPU1（仿真）,分片结果、结果哈希、状态记录和用例证据JSON,NOT_APPLICABLE,NOT_APPLICABLE,case_evidence/TC06.json; audit_log.jsonl,NONE,NONE,case_evidence/TC06.json: cleanup_status=SIMULATED,PASS-SIM: 资源快照与方案冻结的两地GPU型号、数量和单卡显存一致。,direct:TC06,resource_snapshot.csv
TC08,海南优先调度,A,PASS-SIM,case_evidence/TC08.json,满足硬约束，命中海南优先规则,selected=海南,TC08-PARENT,TC08-S01,2026-08-06T10:00:00+08:00 (simulation),确定性合成输入、冻结镜像摘要、仿真节点资源已加载,dataset-140m.tar.gz; manifest.csv; manifest_part-01..08.csv,939ac769d7910bf51b920c47b5bd912a1cabb68b42a95151ed68820c560df6e2,NOT_APPLICABLE,海南/重庆；按健康、链路、镜像、兼容性和单卡显存过滤,满足硬约束，命中海南优先规则,海南/重庆（仿真）,海南-GPU1/重庆-GPU1（仿真）,分片结果、结果哈希、状态记录和用例证据JSON,NOT_APPLICABLE,NOT_APPLICABLE,case_evidence/TC08.json; audit_log.jsonl,NONE,NONE,case_evidence/TC08.json: cleanup_status=SIMULATED,PASS-SIM: 满足硬约束，命中海南优先规则,direct:TC08,resource_snapshot.csv
TC18,超时及执行失败,A,PASS-SIM,case_evidence/TC18.json,超过冻结超时时间后分类为失败并保留退出原因。,FAILED-TIMEOUT,TC18-PARENT,TC18-S01,2026-08-06T10:00:00+08:00 (simulation),确定性合成输入、冻结镜像摘要、仿真节点资源已加载,dataset-140m.tar.gz; manifest.csv; manifest_part-01..08.csv,939ac769d7910bf51b920c47b5bd912a1cabb68b42a95151ed68820c560df6e2,NOT_APPLICABLE,海南/重庆；按健康、链路、镜像、兼容性和单卡显存过滤,超过冻结超时时间后分类为失败并保留退出原因。,海南/重庆（仿真）,海南-GPU1/重庆-GPU1（仿真）,分片结果、结果哈希、状态记录和用例证据JSON,NOT_APPLICABLE,NOT_APPLICABLE,case_evidence/TC18.json; audit_log.jsonl,NONE,NONE,case_evidence/TC18.json: cleanup_status=SIMULATED,PASS-SIM: 超过冻结超时时间后分类为失败并保留退出原因。,direct:TC18,case_evidence/TC18.json
TC27,镜像拉取或启动失败,A,PASS-SIM,case_evidence/TC27.json,镜像摘要不一致时在候选节点阶段拒绝，不残留失控容器。,残留容器0,TC27-PARENT,TC27-S01,2026-08-06T10:00:00+08:00 (simulation),确定性合成输入、冻结镜像摘要、仿真节点资源已加载,dataset-140m.tar.gz; manifest.csv; manifest_part-01..08.csv,939ac769d7910bf51b920c47b5bd912a1cabb68b42a95151ed68820c560df6e2,NOT_APPLICABLE,海南/重庆；按健康、链路、镜像、兼容性和单卡显存过滤,镜像摘要不一致时在候选节点阶段拒绝，不残留失控容器。,海南/重庆（仿真）,海南-GPU1/重庆-GPU1（仿真）,分片结果、结果哈希、状态记录和用例证据JSON,NOT_APPLICABLE,NOT_APPLICABLE,case_evidence/TC27.json; audit_log.jsonl,NONE,NONE,case_evidence/TC27.json: cleanup_status=SIMULATED,PASS-SIM: 镜像摘要不一致时在候选节点阶段拒绝，不残留失控容器。,direct:TC27,case_evidence/TC27.json
TC05,重复提交与任务唯一性,B,PASS-SIM,case_evidence/TC05.json,相同请求标识仅登记一次，重复提交被幂等拒绝；未产生无标识重复执行。,submitted=3; accepted=2; duplicate_rejected=1,TC05-PARENT,TC05-S01,2026-08-06T10:00:00+08:00 (simulation),确定性合成输入、冻结镜像摘要、仿真节点资源已加载,dataset-140m.tar.gz; manifest.csv; manifest_part-01..08.csv,939ac769d7910bf51b920c47b5bd912a1cabb68b42a95151ed68820c560df6e2,NOT_APPLICABLE,海南/重庆；按健康、链路、镜像、兼容性和单卡显存过滤,相同请求标识仅登记一次，重复提交被幂等拒绝；未产生无标识重复执行。,海南/重庆（仿真）,海南-GPU1/重庆-GPU1（仿真）,分片结果、结果哈希、状态记录和用例证据JSON,NOT_APPLICABLE,NOT_APPLICABLE,case_evidence/TC05.json; audit_log.jsonl,NONE,NONE,case_evidence/TC05.json: cleanup_status=SIMULATED,PASS-SIM: 相同请求标识仅登记一次，重复提交被幂等拒绝；未产生无标识重复执行。,direct:TC05,case_evidence/TC05.json
TC07,资源状态刷新,A,PASS-SIM,case_evidence/TC07.json,受控改变海南GPU显存占用后，模拟采集快照的可用显存和负载字段发生变化；现场仍需接入真实节点代理核验采集周期。,"changed_fields=available_memory_gb,load",TC07-PARENT,TC07-S01,2026-08-06T10:00:00+08:00 (simulation),确定性合成输入、冻结镜像摘要、仿真节点资源已加载,dataset-140m.tar.gz; manifest.csv; manifest_part-01..08.csv,939ac769d7910bf51b920c47b5bd912a1cabb68b42a95151ed68820c560df6e2,NOT_APPLICABLE,海南/重庆；按健康、链路、镜像、兼容性和单卡显存过滤,受控改变海南GPU显存占用后，模拟采集快照的可用显存和负载字段发生变化；现场仍需接入真实节点代理核验采集周期。,海南/重庆（仿真）,海南-GPU1/重庆-GPU1（仿真）,分片结果、结果哈希、状态记录和用例证据JSON,NOT_APPLICABLE,NOT_APPLICABLE,case_evidence/TC07.json; audit_log.jsonl,NONE,NONE,case_evidence/TC07.json: cleanup_status=SIMULATED,PASS-SIM: 受控改变海南GPU显存占用后，模拟采集快照的可用显存和负载字段发生变化；现场仍需接入真实节点代理核验采集周期。,direct:TC07,case_evidence/TC07.json
TC09,重庆分流调度,A,PASS-SIM,case_evidence/TC09.json,直接复用DT02的海南显存预占场景：海南不满足8GB单卡可用显存时，任务分流重庆；OTN真实传输仍待现场复测。,selected=重庆; source=DT02,TC09-PARENT,TC09-S01,2026-08-06T10:00:00+08:00 (simulation),确定性合成输入、冻结镜像摘要、仿真节点资源已加载,dataset-140m.tar.gz; manifest.csv; manifest_part-01..08.csv,939ac769d7910bf51b920c47b5bd912a1cabb68b42a95151ed68820c560df6e2,NOT_APPLICABLE,海南/重庆；按健康、链路、镜像、兼容性和单卡显存过滤,直接复用DT02的海南显存预占场景：海南不满足8GB单卡可用显存时，任务分流重庆；OTN真实传输仍待现场复测。,海南/重庆（仿真）,海南-GPU1/重庆-GPU1（仿真）,分片结果、结果哈希、状态记录和用例证据JSON,NOT_APPLICABLE,NOT_APPLICABLE,case_evidence/TC09.json; audit_log.jsonl,NONE,NONE,case_evidence/TC09.json: cleanup_status=SIMULATED,PASS-SIM: 直接复用DT02的海南显存预占场景：海南不满足8GB单卡可用显存时，任务分流重庆；OTN真实传输仍待现场复测。,mapped:DT02,dt02_routing.csv; charts/dt02_routing.png
TC10,单卡显存硬约束,A,PASS-SIM,case_evidence/TC10.json,直接复用DT03：16GB资源声明按单卡可用显存过滤，重庆4070在候选阶段排除。,chongqing_candidate=REJECTED; source=DT03,TC10-PARENT,TC10-S01,2026-08-06T10:00:00+08:00 (simulation),确定性合成输入、冻结镜像摘要、仿真节点资源已加载,dataset-140m.tar.gz; manifest.csv; manifest_part-01..08.csv,939ac769d7910bf51b920c47b5bd912a1cabb68b42a95151ed68820c560df6e2,NOT_APPLICABLE,海南/重庆；按健康、链路、镜像、兼容性和单卡显存过滤,直接复用DT03：16GB资源声明按单卡可用显存过滤，重庆4070在候选阶段排除。,海南/重庆（仿真）,海南-GPU1/重庆-GPU1（仿真）,分片结果、结果哈希、状态记录和用例证据JSON,NOT_APPLICABLE,NOT_APPLICABLE,case_evidence/TC10.json; audit_log.jsonl,NONE,NONE,case_evidence/TC10.json: cleanup_status=SIMULATED,PASS-SIM: 直接复用DT03：16GB资源声明按单卡可用显存过滤，重庆4070在候选阶段排除。,mapped:DT03,dt03_vram_constraint.csv; charts/resource_snapshot.png
TC11,框架及GPU兼容约束,A,PASS-SIM,case_evidence/TC11.json,不兼容任务在候选阶段被拒绝，未错误调度为成功；现场仍需用冻结镜像、驱动和CUDA进行启动验证。,candidate_rejection=compatibility,TC11-PARENT,TC11-S01,2026-08-06T10:00:00+08:00 (simulation),确定性合成输入、冻结镜像摘要、仿真节点资源已加载,dataset-140m.tar.gz; manifest.csv; manifest_part-01..08.csv,939ac769d7910bf51b920c47b5bd912a1cabb68b42a95151ed68820c560df6e2,NOT_APPLICABLE,海南/重庆；按健康、链路、镜像、兼容性和单卡显存过滤,不兼容任务在候选阶段被拒绝，未错误调度为成功；现场仍需用冻结镜像、驱动和CUDA进行启动验证。,海南/重庆（仿真）,海南-GPU1/重庆-GPU1（仿真）,分片结果、结果哈希、状态记录和用例证据JSON,NOT_APPLICABLE,NOT_APPLICABLE,case_evidence/TC11.json; audit_log.jsonl,NONE,NONE,case_evidence/TC11.json: cleanup_status=SIMULATED,PASS-SIM: 不兼容任务在候选阶段被拒绝，未错误调度为成功；现场仍需用冻结镜像、驱动和CUDA进行启动验证。,direct:TC11,case_evidence/TC11.json
TC12,资源耗尽与背压,B,PASS-SIM,case_evidence/TC12.json,在冻结并发容量为2的逻辑队列中提交5项任务，超出容量的任务进入QUEUED，任务ID唯一且队列保持可追踪。现场需用真实调度队列复测。,capacity=2; running=2; queued=3,TC12-PARENT,TC12-S01,2026-08-06T10:00:00+08:00 (simulation),确定性合成输入、冻结镜像摘要、仿真节点资源已加载,dataset-140m.tar.gz; manifest.csv; manifest_part-01..08.csv,939ac769d7910bf51b920c47b5bd912a1cabb68b42a95151ed68820c560df6e2,NOT_APPLICABLE,海南/重庆；按健康、链路、镜像、兼容性和单卡显存过滤,在冻结并发容量为2的逻辑队列中提交5项任务，超出容量的任务进入QUEUED，任务ID唯一且队列保持可追踪。现场需用真实调度队列复测。,海南/重庆（仿真）,海南-GPU1/重庆-GPU1（仿真）,分片结果、结果哈希、状态记录和用例证据JSON,NOT_APPLICABLE,NOT_APPLICABLE,case_evidence/TC12.json; audit_log.jsonl,NONE,NONE,case_evidence/TC12.json: cleanup_status=SIMULATED,PASS-SIM: 在冻结并发容量为2的逻辑队列中提交5项任务，超出容量的任务进入QUEUED，任务ID唯一且队列保持可追踪。现场需用真实调度队列复测。,direct:TC12,case_evidence/TC12.json
TC13,海南本地推理,A,PASS-SIM,case_evidence/TC13.json,DT01中S01/S02等海南亲和分片完成并生成分片结果哈希；现场需补充真实GPU指标和参考精度。,covered_by=DT01; hainan_shards=6,POC-IMG-DUAL-001,S01-S08,2026-08-06T10:00:00+08:00 (simulation),确定性合成输入、冻结镜像摘要、仿真节点资源已加载,dataset-140m.tar.gz; manifest.csv; manifest_part-01..08.csv,939ac769d7910bf51b920c47b5bd912a1cabb68b42a95151ed68820c560df6e2,S01-S08,海南/重庆；按健康、链路、镜像、兼容性和单卡显存过滤,DT01中S01/S02等海南亲和分片完成并生成分片结果哈希；现场需补充真实GPU指标和参考精度。,海南/重庆（仿真）,海南-GPU1/重庆-GPU1（仿真）,分片结果、结果哈希、状态记录和用例证据JSON,0,0,case_evidence/TC13.json; audit_log.jsonl,NONE,NONE,case_evidence/TC13.json: cleanup_status=SIMULATED,PASS-SIM: DT01中S01/S02等海南亲和分片完成并生成分片结果哈希；现场需补充真实GPU指标和参考精度。,mapped:DT01,dt01_shards.csv; charts/dispatch_timeline.png
TC14,重庆异地推理,A,PASS-SIM,case_evidence/TC14.json,DT01中S03/S04等重庆亲和分片完成并形成回传/汇聚逻辑记录；OTN真实传输待现场复测。,covered_by=DT01; chongqing_shards=6,POC-IMG-DUAL-001,S01-S08,2026-08-06T10:00:00+08:00 (simulation),确定性合成输入、冻结镜像摘要、仿真节点资源已加载,dataset-140m.tar.gz; manifest.csv; manifest_part-01..08.csv,939ac769d7910bf51b920c47b5bd912a1cabb68b42a95151ed68820c560df6e2,S01-S08,海南/重庆；按健康、链路、镜像、兼容性和单卡显存过滤,DT01中S03/S04等重庆亲和分片完成并形成回传/汇聚逻辑记录；OTN真实传输待现场复测。,海南/重庆（仿真）,海南-GPU1/重庆-GPU1（仿真）,分片结果、结果哈希、状态记录和用例证据JSON,0,0,case_evidence/TC14.json; audit_log.jsonl,NONE,NONE,case_evidence/TC14.json: cleanup_status=SIMULATED,PASS-SIM: DT01中S03/S04等重庆亲和分片完成并形成回传/汇聚逻辑记录；OTN真实传输待现场复测。,mapped:DT01,dt01_shards.csv; charts/dispatch_timeline.png
TC15,批量推理与队列,A,PASS-SIM,case_evidence/TC15.json,DT01连续3轮、每轮8分片、两地均参与；每轮4096条结果的缺失和重复计数为0。,covered_by=DT01; rounds=3; shards=24,POC-IMG-DUAL-001,S01-S08,2026-08-06T10:00:00+08:00 (simulation),确定性合成输入、冻结镜像摘要、仿真节点资源已加载,dataset-140m.tar.gz; manifest.csv; manifest_part-01..08.csv,939ac769d7910bf51b920c47b5bd912a1cabb68b42a95151ed68820c560df6e2,S01-S08,海南/重庆；按健康、链路、镜像、兼容性和单卡显存过滤,DT01连续3轮、每轮8分片、两地均参与；每轮4096条结果的缺失和重复计数为0。,海南/重庆（仿真）,海南-GPU1/重庆-GPU1（仿真）,分片结果、结果哈希、状态记录和用例证据JSON,0,0,case_evidence/TC15.json; audit_log.jsonl,NONE,NONE,case_evidence/TC15.json: cleanup_status=SIMULATED,PASS-SIM: DT01连续3轮、每轮8分片、两地均参与；每轮4096条结果的缺失和重复计数为0。,mapped:DT01,dt01_shards.csv; charts/dispatch_timeline.png
TC17,任务取消,B,PASS-SIM,case_evidence/TC17.json,模拟排队中和运行中任务均进入CANCELLED，后续不再产生成功执行记录；实际取消接口和容器终止仍待现场复测。,queued_cancelled=1; running_cancelled=1,TC17-PARENT,TC17-S01,2026-08-06T10:00:00+08:00 (simulation),确定性合成输入、冻结镜像摘要、仿真节点资源已加载,dataset-140m.tar.gz; manifest.csv; manifest_part-01..08.csv,939ac769d7910bf51b920c47b5bd912a1cabb68b42a95151ed68820c560df6e2,NOT_APPLICABLE,海南/重庆；按健康、链路、镜像、兼容性和单卡显存过滤,模拟排队中和运行中任务均进入CANCELLED，后续不再产生成功执行记录；实际取消接口和容器终止仍待现场复测。,海南/重庆（仿真）,海南-GPU1/重庆-GPU1（仿真）,分片结果、结果哈希、状态记录和用例证据JSON,NOT_APPLICABLE,NOT_APPLICABLE,case_evidence/TC17.json; audit_log.jsonl,NONE,NONE,case_evidence/TC17.json: cleanup_status=SIMULATED,PASS-SIM: 模拟排队中和运行中任务均进入CANCELLED，后续不再产生成功执行记录；实际取消接口和容器终止仍待现场复测。,direct:TC17,case_evidence/TC17.json
TC19,结果正确性,A,PASS-SIM,case_evidence/TC19.json,确定性仿真中每个分片结果哈希与冻结参考哈希一致；现场需替换为真实镜像逐样本输出和误差阈值比对。,reference_mismatch=0,POC-IMG-DUAL-001,S01-S08,2026-08-06T10:00:00+08:00 (simulation),确定性合成输入、冻结镜像摘要、仿真节点资源已加载,dataset-140m.tar.gz; manifest.csv; manifest_part-01..08.csv,939ac769d7910bf51b920c47b5bd912a1cabb68b42a95151ed68820c560df6e2,S01-S08,海南/重庆；按健康、链路、镜像、兼容性和单卡显存过滤,确定性仿真中每个分片结果哈希与冻结参考哈希一致；现场需替换为真实镜像逐样本输出和误差阈值比对。,海南/重庆（仿真）,海南-GPU1/重庆-GPU1（仿真）,分片结果、结果哈希、状态记录和用例证据JSON,0,0,case_evidence/TC19.json; audit_log.jsonl,NONE,NONE,case_evidence/TC19.json: cleanup_status=SIMULATED,PASS-SIM: 确定性仿真中每个分片结果哈希与冻结参考哈希一致；现场需替换为真实镜像逐样本输出和误差阈值比对。,mapped:DT01,dt01_shards.csv
TC20,结果回传完整性,A,PASS-SIM,case_evidence/TC20.json,DT05为A/B结果包生成独立哈希并完成模拟回传确认；新加坡—海南真实传输、下载时序和哈希复算待现场复测。,result_hash_length=64; parent_packages=2,TC20-PARENT,S01-S08,2026-08-06T10:00:00+08:00 (simulation),确定性合成输入、冻结镜像摘要、仿真节点资源已加载,dataset-140m.tar.gz; manifest.csv; manifest_part-01..08.csv,939ac769d7910bf51b920c47b5bd912a1cabb68b42a95151ed68820c560df6e2,S01-S08,海南/重庆；按健康、链路、镜像、兼容性和单卡显存过滤,DT05为A/B结果包生成独立哈希并完成模拟回传确认；新加坡—海南真实传输、下载时序和哈希复算待现场复测。,海南/重庆（仿真）,海南-GPU1/重庆-GPU1（仿真）,分片结果、结果哈希、状态记录和用例证据JSON,0,0,case_evidence/TC20.json; audit_log.jsonl,NONE,NONE,case_evidence/TC20.json: cleanup_status=SIMULATED,PASS-SIM: DT05为A/B结果包生成独立哈希并完成模拟回传确认；新加坡—海南真实传输、下载时序和哈希复算待现场复测。,mapped:DT05,dt05_isolation_cleanup.csv
TC22,计算节点离线,A,PASS-SIM,case_evidence/TC22.json,重庆节点标记为不健康后从候选集排除；模拟调度不会向该节点派发新任务。现场需停止真实节点代理验证采集时延。,chongqing_new_dispatch=0,TC22-PARENT,TC22-S01,2026-08-06T10:00:00+08:00 (simulation),确定性合成输入、冻结镜像摘要、仿真节点资源已加载,dataset-140m.tar.gz; manifest.csv; manifest_part-01..08.csv,939ac769d7910bf51b920c47b5bd912a1cabb68b42a95151ed68820c560df6e2,NOT_APPLICABLE,海南/重庆；按健康、链路、镜像、兼容性和单卡显存过滤,重庆节点标记为不健康后从候选集排除；模拟调度不会向该节点派发新任务。现场需停止真实节点代理验证采集时延。,海南/重庆（仿真）,海南-GPU1/重庆-GPU1（仿真）,分片结果、结果哈希、状态记录和用例证据JSON,NOT_APPLICABLE,NOT_APPLICABLE,case_evidence/TC22.json; audit_log.jsonl,NONE,NONE,case_evidence/TC22.json: cleanup_status=SIMULATED,PASS-SIM: 重庆节点标记为不健康后从候选集排除；模拟调度不会向该节点派发新任务。现场需停止真实节点代理验证采集时延。,direct:TC22,case_evidence/TC22.json
TC23,海南—重庆链路中断,A,PASS-SIM,case_evidence/TC23.json,DT04模拟OTN_DOWN后运行中重庆分片失败；真实链路告警、停派时延和重试策略待现场复测。,covered_by=DT04; failed_link_tasks=1,TC23-PARENT,TC23-S01,2026-08-06T10:00:00+08:00 (simulation),确定性合成输入、冻结镜像摘要、仿真节点资源已加载,dataset-140m.tar.gz; manifest.csv; manifest_part-01..08.csv,939ac769d7910bf51b920c47b5bd912a1cabb68b42a95151ed68820c560df6e2,NOT_APPLICABLE,海南/重庆；按健康、链路、镜像、兼容性和单卡显存过滤,DT04模拟OTN_DOWN后运行中重庆分片失败；真实链路告警、停派时延和重试策略待现场复测。,海南/重庆（仿真）,海南-GPU1/重庆-GPU1（仿真）,分片结果、结果哈希、状态记录和用例证据JSON,NOT_APPLICABLE,NOT_APPLICABLE,case_evidence/TC23.json; audit_log.jsonl,NONE,DT04-PARENT-S03,case_evidence/TC23.json: cleanup_status=SIMULATED,PASS-SIM: DT04模拟OTN_DOWN后运行中重庆分片失败；真实链路告警、停派时延和重试策略待现场复测。,mapped:DT04,dt04_failure_recovery.csv; charts/failure_recovery.png
TC25,链路恢复与重传,B,PASS-SIM,case_evidence/TC25.json,链路恢复后重新形成可执行候选并允许关联任务重传；仿真使用新一次调度决策，现场需核验续传/重传和脏文件清理。,before=SCHEDULED; after=SCHEDULED; retry_keys=1,TC25-PARENT,TC25-S01,2026-08-06T10:00:00+08:00 (simulation),确定性合成输入、冻结镜像摘要、仿真节点资源已加载,dataset-140m.tar.gz; manifest.csv; manifest_part-01..08.csv,939ac769d7910bf51b920c47b5bd912a1cabb68b42a95151ed68820c560df6e2,NOT_APPLICABLE,海南/重庆；按健康、链路、镜像、兼容性和单卡显存过滤,链路恢复后重新形成可执行候选并允许关联任务重传；仿真使用新一次调度决策，现场需核验续传/重传和脏文件清理。,海南/重庆（仿真）,海南-GPU1/重庆-GPU1（仿真）,分片结果、结果哈希、状态记录和用例证据JSON,NOT_APPLICABLE,NOT_APPLICABLE,case_evidence/TC25.json; audit_log.jsonl,NONE,DT04-PARENT-S03,case_evidence/TC25.json: cleanup_status=SIMULATED,PASS-SIM: 链路恢复后重新形成可执行候选并允许关联任务重传；仿真使用新一次调度决策，现场需核验续传/重传和脏文件清理。,mapped:DT04,case_evidence/TC25.json
TC26,节点恢复与重新纳管,B,PASS-SIM,case_evidence/TC26.json,节点未通过健康状态检查时不接收任务；恢复健康并重新纳管后才进入候选集。现场需接入真实节点代理和GPU服务。,before=SCHEDULED; after=SCHEDULED,TC26-PARENT,TC26-S01,2026-08-06T10:00:00+08:00 (simulation),确定性合成输入、冻结镜像摘要、仿真节点资源已加载,dataset-140m.tar.gz; manifest.csv; manifest_part-01..08.csv,939ac769d7910bf51b920c47b5bd912a1cabb68b42a95151ed68820c560df6e2,NOT_APPLICABLE,海南/重庆；按健康、链路、镜像、兼容性和单卡显存过滤,节点未通过健康状态检查时不接收任务；恢复健康并重新纳管后才进入候选集。现场需接入真实节点代理和GPU服务。,海南/重庆（仿真）,海南-GPU1/重庆-GPU1（仿真）,分片结果、结果哈希、状态记录和用例证据JSON,NOT_APPLICABLE,NOT_APPLICABLE,case_evidence/TC26.json; audit_log.jsonl,NONE,NONE,case_evidence/TC26.json: cleanup_status=SIMULATED,PASS-SIM: 节点未通过健康状态检查时不接收任务；恢复健康并重新纳管后才进入候选集。现场需接入真实节点代理和GPU服务。,direct:TC26,case_evidence/TC26.json
DT01,两地共同执行的分片批量推理,A,PASS-SIM,case_evidence/DT01.json,每轮8个子任务，S01/S02固定海南、S03/S04固定重庆，其余由海南优先规则自动选择；连续3轮均形成闭环。,3/3轮成功；每轮4096条唯一样本；两地均参与,POC-IMG-DUAL-001,S01-S08,2026-08-06T10:00:00+08:00 (simulation),确定性合成输入、冻结镜像摘要、仿真节点资源已加载,dataset-140m.tar.gz; manifest.csv; manifest_part-01..08.csv,939ac769d7910bf51b920c47b5bd912a1cabb68b42a95151ed68820c560df6e2,S01-S08,海南/重庆；按健康、链路、镜像、兼容性和单卡显存过滤,每轮8个子任务，S01/S02固定海南、S03/S04固定重庆，其余由海南优先规则自动选择；连续3轮均形成闭环。,海南/重庆（仿真）,海南-GPU1/重庆-GPU1（仿真）,分片结果、结果哈希、状态记录和用例证据JSON,0,0,case_evidence/DT01.json; audit_log.jsonl,NONE,NONE,case_evidence/DT01.json: cleanup_status=SIMULATED,PASS-SIM: 每轮8个子任务，S01/S02固定海南、S03/S04固定重庆，其余由海南优先规则自动选择；连续3轮均形成闭环。,direct:DT01,dt01_shards.csv; report_data.json; charts/dispatch_timeline.png
DT02,海南优先与重庆自动分流,A,PASS-SIM,case_evidence/DT02.json,空闲时选择海南；海南两张4090各预占20GB后，8GB单卡任务因可用显存不足被分流至重庆。,海南优先命中1/1；资源不足分流1/1,DT02-PARENT,S01-S08,2026-08-06T10:00:00+08:00 (simulation),确定性合成输入、冻结镜像摘要、仿真节点资源已加载,dataset-140m.tar.gz; manifest.csv; manifest_part-01..08.csv,939ac769d7910bf51b920c47b5bd912a1cabb68b42a95151ed68820c560df6e2,S01-S08,海南/重庆；按健康、链路、镜像、兼容性和单卡显存过滤,空闲时选择海南；海南两张4090各预占20GB后，8GB单卡任务因可用显存不足被分流至重庆。,海南/重庆（仿真）,海南-GPU1/重庆-GPU1（仿真）,分片结果、结果哈希、状态记录和用例证据JSON,0,0,case_evidence/DT02.json; audit_log.jsonl,NONE,NONE,case_evidence/DT02.json: cleanup_status=SIMULATED,PASS-SIM: 空闲时选择海南；海南两张4090各预占20GB后，8GB单卡任务因可用显存不足被分流至重庆。,direct:DT02,dt02_routing.csv; charts/dt02_routing.png
DT03,单卡16GB显存硬约束,A,PASS-SIM,case_evidence/DT03.json,16GB需求按单卡可用显存判断，重庆4070的12GB单卡在候选阶段直接排除；海南离线时返回资源不足，不发生OOM后回退。,重庆错误调度次数0；OOM后回退次数0,DT03-PARENT,S01-S08,2026-08-06T10:00:00+08:00 (simulation),确定性合成输入、冻结镜像摘要、仿真节点资源已加载,dataset-140m.tar.gz; manifest.csv; manifest_part-01..08.csv,939ac769d7910bf51b920c47b5bd912a1cabb68b42a95151ed68820c560df6e2,S01-S08,海南/重庆；按健康、链路、镜像、兼容性和单卡显存过滤,16GB需求按单卡可用显存判断，重庆4070的12GB单卡在候选阶段直接排除；海南离线时返回资源不足，不发生OOM后回退。,海南/重庆（仿真）,海南-GPU1/重庆-GPU1（仿真）,分片结果、结果哈希、状态记录和用例证据JSON,0,0,case_evidence/DT03.json; audit_log.jsonl,NONE,NONE,case_evidence/DT03.json: cleanup_status=SIMULATED,PASS-SIM: 16GB需求按单卡可用显存判断，重庆4070的12GB单卡在候选阶段直接排除；海南离线时返回资源不足，不发生OOM后回退。,direct:DT03,dt03_vram_constraint.csv; charts/resource_snapshot.png
DT04,重庆链路中断、停派与分片重试,A,PASS-SIM,case_evidence/DT04.json,OTN断开后，运行中的重庆分片失败；未开始分片不再派往重庆，按原子任务关联关系重试至海南；恢复后才允许重庆重新纳管。,断链后重庆新派发0；重试至海南1/1；重复父任务0,DT04-PARENT,S01-S08,2026-08-06T10:00:00+08:00 (simulation),确定性合成输入、冻结镜像摘要、仿真节点资源已加载,dataset-140m.tar.gz; manifest.csv; manifest_part-01..08.csv,939ac769d7910bf51b920c47b5bd912a1cabb68b42a95151ed68820c560df6e2,S01-S08,海南/重庆；按健康、链路、镜像、兼容性和单卡显存过滤,OTN断开后，运行中的重庆分片失败；未开始分片不再派往重庆，按原子任务关联关系重试至海南；恢复后才允许重庆重新纳管。,海南/重庆（仿真）,海南-GPU1/重庆-GPU1（仿真）,分片结果、结果哈希、状态记录和用例证据JSON,0,0,case_evidence/DT04.json; audit_log.jsonl,NONE,DT04-PARENT-S03,case_evidence/DT04.json: cleanup_status=SIMULATED,PASS-SIM: OTN断开后，运行中的重庆分片失败；未开始分片不再派往重庆，按原子任务关联关系重试至海南；恢复后才允许重庆重新纳管。,direct:DT04,dt04_failure_recovery.csv; charts/failure_recovery.png
DT05,结果汇聚、跨境回传与数据清理,A,PASS-SIM,case_evidence/DT05.json,A/B两个父任务使用独立任务键和结果哈希，汇聚后分别形成结果包；模拟确认后删除输入、中间文件、临时容器和非必要缓存，仅保留审计记录。,父任务交叉覆盖0；哈希一致性模拟通过；清理对象4类/任务,DT05-PARENT,S01-S08,2026-08-06T10:00:00+08:00 (simulation),确定性合成输入、冻结镜像摘要、仿真节点资源已加载,dataset-140m.tar.gz; manifest.csv; manifest_part-01..08.csv,939ac769d7910bf51b920c47b5bd912a1cabb68b42a95151ed68820c560df6e2,S01-S08,海南/重庆；按健康、链路、镜像、兼容性和单卡显存过滤,A/B两个父任务使用独立任务键和结果哈希，汇聚后分别形成结果包；模拟确认后删除输入、中间文件、临时容器和非必要缓存，仅保留审计记录。,海南/重庆（仿真）,海南-GPU1/重庆-GPU1（仿真）,分片结果、结果哈希、状态记录和用例证据JSON,0,0,case_evidence/DT05.json; audit_log.jsonl,NONE,NONE,case_evidence/DT05.json: cleanup_status=SIMULATED,PASS-SIM: A/B两个父任务使用独立任务键和结果哈希，汇聚后分别形成结果包；模拟确认后删除输入、中间文件、临时容器和非必要缓存，仅保留审计记录。,direct:DT05,dt05_isolation_cleanup.csv; charts/failure_recovery.png
TC21,任务与结果隔离,A,PASS-SIM,case_evidence/TC21.json,A/B并行父任务使用独立父子任务键、结果哈希和输出目录；无覆盖和错配。,唯一任务键100%,TC21-PARENT,S01-S08,2026-08-06T10:00:00+08:00 (simulation),确定性合成输入、冻结镜像摘要、仿真节点资源已加载,dataset-140m.tar.gz; manifest.csv; manifest_part-01..08.csv,939ac769d7910bf51b920c47b5bd912a1cabb68b42a95151ed68820c560df6e2,S01-S08,海南/重庆；按健康、链路、镜像、兼容性和单卡显存过滤,A/B并行父任务使用独立父子任务键、结果哈希和输出目录；无覆盖和错配。,海南/重庆（仿真）,海南-GPU1/重庆-GPU1（仿真）,分片结果、结果哈希、状态记录和用例证据JSON,0,0,case_evidence/TC21.json; audit_log.jsonl,NONE,NONE,case_evidence/TC21.json: cleanup_status=SIMULATED,PASS-SIM: A/B并行父任务使用独立父子任务键、结果哈希和输出目录；无覆盖和错配。,direct:TC21,tc21_isolation.csv
TC28,任务完成后数据清理,A,PASS-SIM,case_evidence/TC28.json,结果确认后清理输入、中间文件、临时容器和非必要缓存，审计日志保留。,清理对象4类/任务,TC28-PARENT,TC28-S01,2026-08-06T10:00:00+08:00 (simulation),确定性合成输入、冻结镜像摘要、仿真节点资源已加载,dataset-140m.tar.gz; manifest.csv; manifest_part-01..08.csv,939ac769d7910bf51b920c47b5bd912a1cabb68b42a95151ed68820c560df6e2,NOT_APPLICABLE,海南/重庆；按健康、链路、镜像、兼容性和单卡显存过滤,结果确认后清理输入、中间文件、临时容器和非必要缓存，审计日志保留。,海南/重庆（仿真）,海南-GPU1/重庆-GPU1（仿真）,分片结果、结果哈希、状态记录和用例证据JSON,NOT_APPLICABLE,NOT_APPLICABLE,case_evidence/TC28.json; audit_log.jsonl,NONE,NONE,case_evidence/TC28.json: cleanup_status=SIMULATED,PASS-SIM: 结果确认后清理输入、中间文件、临时容器和非必要缓存，审计日志保留。,direct:TC28,cleanup_records.json
TC29,全流程审计追踪,A,PASS-SIM,case_evidence/TC29.json,审计记录具备任务ID、阶段、节点、时间戳、状态和原因字段，时间顺序可关联。,关键字段完整率100%,TC29-PARENT,TC29-S01,2026-08-06T10:00:00+08:00 (simulation),确定性合成输入、冻结镜像摘要、仿真节点资源已加载,dataset-140m.tar.gz; manifest.csv; manifest_part-01..08.csv,939ac769d7910bf51b920c47b5bd912a1cabb68b42a95151ed68820c560df6e2,NOT_APPLICABLE,海南/重庆；按健康、链路、镜像、兼容性和单卡显存过滤,审计记录具备任务ID、阶段、节点、时间戳、状态和原因字段，时间顺序可关联。,海南/重庆（仿真）,海南-GPU1/重庆-GPU1（仿真）,分片结果、结果哈希、状态记录和用例证据JSON,NOT_APPLICABLE,NOT_APPLICABLE,case_evidence/TC29.json; audit_log.jsonl,NONE,NONE,case_evidence/TC29.json: cleanup_status=SIMULATED,PASS-SIM: 审计记录具备任务ID、阶段、节点、时间戳、状态和原因字段，时间顺序可关联。,direct:TC29,audit_log.jsonl
TC30,连续稳定运行,A/C,PASS-SIM,case_evidence/TC30.json,以15分钟虚拟时间槽运行24小时混合任务，检查任务状态完整性和结果隔离；未宣称替代现场24小时运行。,192/192成功；成功率100.00%,TC30-PARENT,TC30-S01,2026-08-06T10:00:00+08:00 (simulation),确定性合成输入、冻结镜像摘要、仿真节点资源已加载,dataset-140m.tar.gz; manifest.csv; manifest_part-01..08.csv,939ac769d7910bf51b920c47b5bd912a1cabb68b42a95151ed68820c560df6e2,NOT_APPLICABLE,海南/重庆；按健康、链路、镜像、兼容性和单卡显存过滤,以15分钟虚拟时间槽运行24小时混合任务，检查任务状态完整性和结果隔离；未宣称替代现场24小时运行。,海南/重庆（仿真）,海南-GPU1/重庆-GPU1（仿真）,分片结果、结果哈希、状态记录和用例证据JSON,NOT_APPLICABLE,NOT_APPLICABLE,case_evidence/TC30.json; audit_log.jsonl,NONE,NONE,case_evidence/TC30.json: cleanup_status=SIMULATED,PASS-SIM: 以15分钟虚拟时间槽运行24小时混合任务，检查任务状态完整性和结果隔离；未宣称替代现场24小时运行。,direct:TC30,tc30_stability.csv; charts/stability.png
TC02,身份认证失败,A,NOT-RUN,case_evidence/TC02.json,需要真实认证接口和专用测试账号；本地仿真未伪造认证系统。,,TC02-PARENT,现场待填,现场待执行,现场待确认：真实账号、节点代理、VPN/OTN、调度API或条件镜像,现场冻结清单待填,现场待填,NOT_APPLICABLE,现场待采集,现场待记录,现场待执行,现场待记录,现场待生成,现场待填,现场待填,现场待生成,现场待填,现场待填,现场待填,NOT-RUN: 需要真实认证接口和专用测试账号；本地仿真未伪造认证系统。,direct:TC02,case_evidence/TC02.json
TC03,非授权端口或路径,A,NOT-RUN,case_evidence/TC03.json,需要真实VPN、防火墙和管理接口；本地仿真不替代网络安全验证。,,TC03-PARENT,现场待填,现场待执行,现场待确认：真实账号、节点代理、VPN/OTN、调度API或条件镜像,现场冻结清单待填,现场待填,NOT_APPLICABLE,现场待采集,现场待记录,现场待执行,现场待记录,现场待生成,现场待填,现场待填,现场待生成,现场待填,现场待填,现场待填,NOT-RUN: 需要真实VPN、防火墙和管理接口；本地仿真不替代网络安全验证。,direct:TC03,case_evidence/TC03.json
TC24,新加坡—海南VPN中断,A,NOT-RUN,case_evidence/TC24.json,资源说明只提供登录资源，未提供可控VPN链路和调度端点。,,TC24-PARENT,现场待填,现场待执行,现场待确认：真实账号、节点代理、VPN/OTN、调度API或条件镜像,现场冻结清单待填,现场待填,NOT_APPLICABLE,现场待采集,现场待记录,现场待执行,现场待记录,现场待生成,现场待填,现场待填,现场待生成,现场待填,现场待填,现场待填,NOT-RUN: 资源说明只提供登录资源，未提供可控VPN链路和调度端点。,direct:TC24,case_evidence/TC24.json
TC16,轻量训练或微调,C,NOT-APPLICABLE,case_evidence/TC16.json,新加坡任务方尚未提供轻量训练镜像、合成文本数据和模型许可冻结条件；不纳入本轮主流程验收。,,TC16-PARENT,现场待填,现场待执行,现场待确认：真实账号、节点代理、VPN/OTN、调度API或条件镜像,现场冻结清单待填,现场待填,NOT_APPLICABLE,现场待采集,现场待记录,现场待执行,现场待记录,现场待生成,现场待填,现场待填,现场待生成,现场待填,现场待填,现场待填,NOT-APPLICABLE: 新加坡任务方尚未提供轻量训练镜像、合成文本数据和模型许可冻结条件；不纳入本轮主流程验收。,direct:TC16,case_evidence/TC16.json
DT06,两地独立轻量训练试验,C,NOT-APPLICABLE,case_evidence/DT06.json,与TC16相同，条件未满足；具备条件后按方案单独执行，不以当前推理仿真替代。,,DT06-PARENT,S01-S08,现场待执行,现场待确认：真实账号、节点代理、VPN/OTN、调度API或条件镜像,现场冻结清单待填,现场待填,现场待填,现场待采集,现场待记录,现场待执行,现场待记录,现场待生成,现场待填,现场待填,现场待生成,现场待填,现场待填,现场待填,NOT-APPLICABLE: 与TC16相同，条件未满足；具备条件后按方案单独执行，不以当前推理仿真替代。,direct:DT06,case_evidence/DT06.json
