virtual_slot,virtual_hour,task_id,required_memory_gb,mode,selected_region,status
0,0.0,TC30-H00-T1,16.0,加权平均,海南,SUCCEEDED
0,0.0,TC30-H00-T2,8.0,海南优先,海南,SUCCEEDED
1,0.25,TC30-H01-T1,8.0,海南优先,海南,SUCCEEDED
1,0.25,TC30-H01-T2,8.0,海南优先,海南,SUCCEEDED
2,0.5,TC30-H02-T1,8.0,加权平均,海南,SUCCEEDED
2,0.5,TC30-H02-T2,8.0,海南优先,海南,SUCCEEDED
3,0.75,TC30-H03-T1,8.0,加权平均,海南,SUCCEEDED
3,0.75,TC30-H03-T2,8.0,加权平均,海南,SUCCEEDED
4,1.0,TC30-H04-T1,8.0,海南优先,海南,SUCCEEDED
4,1.0,TC30-H04-T2,8.0,海南优先,海南,SUCCEEDED
5,1.25,TC30-H05-T1,8.0,海南优先,海南,SUCCEEDED
5,1.25,TC30-H05-T2,8.0,海南优先,海南,SUCCEEDED
6,1.5,TC30-H06-T1,8.0,海南优先,海南,SUCCEEDED
6,1.5,TC30-H06-T2,8.0,海南优先,海南,SUCCEEDED
7,1.75,TC30-H07-T1,8.0,海南优先,海南,SUCCEEDED
7,1.75,TC30-H07-T2,8.0,海南优先,海南,SUCCEEDED
8,2.0,TC30-H08-T1,8.0,海南优先,海南,SUCCEEDED
8,2.0,TC30-H08-T2,8.0,海南优先,海南,SUCCEEDED
9,2.25,TC30-H09-T1,8.0,海南优先,海南,SUCCEEDED
9,2.25,TC30-H09-T2,8.0,海南优先,海南,SUCCEEDED
10,2.5,TC30-H10-T1,8.0,海南优先,海南,SUCCEEDED
10,2.5,TC30-H10-T2,8.0,海南优先,海南,SUCCEEDED
11,2.75,TC30-H11-T1,8.0,海南优先,海南,SUCCEEDED
11,2.75,TC30-H11-T2,8.0,海南优先,海南,SUCCEEDED
12,3.0,TC30-H12-T1,8.0,加权平均,海南,SUCCEEDED
12,3.0,TC30-H12-T2,16.0,海南优先,海南,SUCCEEDED
13,3.25,TC30-H13-T1,16.0,加权平均,海南,SUCCEEDED
13,3.25,TC30-H13-T2,8.0,海南优先,海南,SUCCEEDED
14,3.5,TC30-H14-T1,8.0,加权平均,海南,SUCCEEDED
14,3.5,TC30-H14-T2,8.0,海南优先,海南,SUCCEEDED
15,3.75,TC30-H15-T1,8.0,加权平均,海南,SUCCEEDED
15,3.75,TC30-H15-T2,8.0,海南优先,海南,SUCCEEDED
16,4.0,TC30-H16-T1,8.0,加权平均,海南,SUCCEEDED
16,4.0,TC30-H16-T2,8.0,加权平均,海南,SUCCEEDED
17,4.25,TC30-H17-T1,8.0,海南优先,海南,SUCCEEDED
17,4.25,TC30-H17-T2,8.0,加权平均,海南,SUCCEEDED
18,4.5,TC30-H18-T1,8.0,加权平均,海南,SUCCEEDED
18,4.5,TC30-H18-T2,8.0,海南优先,海南,SUCCEEDED
19,4.75,TC30-H19-T1,8.0,加权平均,海南,SUCCEEDED
19,4.75,TC30-H19-T2,8.0,海南优先,海南,SUCCEEDED
20,5.0,TC30-H20-T1,8.0,加权平均,海南,SUCCEEDED
20,5.0,TC30-H20-T2,8.0,海南优先,海南,SUCCEEDED
21,5.25,TC30-H21-T1,8.0,海南优先,海南,SUCCEEDED
21,5.25,TC30-H21-T2,8.0,海南优先,海南,SUCCEEDED
22,5.5,TC30-H22-T1,8.0,海南优先,海南,SUCCEEDED
22,5.5,TC30-H22-T2,8.0,海南优先,海南,SUCCEEDED
23,5.75,TC30-H23-T1,8.0,加权平均,海南,SUCCEEDED
23,5.75,TC30-H23-T2,8.0,加权平均,海南,SUCCEEDED
24,6.0,TC30-H24-T1,8.0,海南优先,海南,SUCCEEDED
24,6.0,TC30-H24-T2,8.0,海南优先,海南,SUCCEEDED
25,6.25,TC30-H25-T1,8.0,海南优先,海南,SUCCEEDED
25,6.25,TC30-H25-T2,16.0,加权平均,海南,SUCCEEDED
26,6.5,TC30-H26-T1,16.0,海南优先,海南,SUCCEEDED
26,6.5,TC30-H26-T2,8.0,加权平均,海南,SUCCEEDED
27,6.75,TC30-H27-T1,8.0,加权平均,海南,SUCCEEDED
27,6.75,TC30-H27-T2,8.0,海南优先,海南,SUCCEEDED
28,7.0,TC30-H28-T1,8.0,海南优先,海南,SUCCEEDED
28,7.0,TC30-H28-T2,8.0,海南优先,海南,SUCCEEDED
29,7.25,TC30-H29-T1,8.0,海南优先,海南,SUCCEEDED
29,7.25,TC30-H29-T2,8.0,海南优先,海南,SUCCEEDED
30,7.5,TC30-H30-T1,8.0,加权平均,海南,SUCCEEDED
30,7.5,TC30-H30-T2,8.0,海南优先,海南,SUCCEEDED
31,7.75,TC30-H31-T1,8.0,加权平均,海南,SUCCEEDED
31,7.75,TC30-H31-T2,8.0,海南优先,海南,SUCCEEDED
32,8.0,TC30-H32-T1,8.0,加权平均,海南,SUCCEEDED
32,8.0,TC30-H32-T2,8.0,加权平均,海南,SUCCEEDED
33,8.25,TC30-H33-T1,8.0,海南优先,海南,SUCCEEDED
33,8.25,TC30-H33-T2,8.0,加权平均,海南,SUCCEEDED
34,8.5,TC30-H34-T1,8.0,加权平均,海南,SUCCEEDED
34,8.5,TC30-H34-T2,8.0,海南优先,海南,SUCCEEDED
35,8.75,TC30-H35-T1,8.0,海南优先,海南,SUCCEEDED
35,8.75,TC30-H35-T2,8.0,加权平均,海南,SUCCEEDED
36,9.0,TC30-H36-T1,8.0,加权平均,海南,SUCCEEDED
36,9.0,TC30-H36-T2,8.0,海南优先,海南,SUCCEEDED
37,9.25,TC30-H37-T1,8.0,加权平均,海南,SUCCEEDED
37,9.25,TC30-H37-T2,8.0,海南优先,海南,SUCCEEDED
38,9.5,TC30-H38-T1,8.0,海南优先,海南,SUCCEEDED
38,9.5,TC30-H38-T2,16.0,海南优先,海南,SUCCEEDED
39,9.75,TC30-H39-T1,16.0,加权平均,海南,SUCCEEDED
39,9.75,TC30-H39-T2,8.0,海南优先,海南,SUCCEEDED
40,10.0,TC30-H40-T1,8.0,海南优先,海南,SUCCEEDED
40,10.0,TC30-H40-T2,8.0,加权平均,海南,SUCCEEDED
41,10.25,TC30-H41-T1,8.0,海南优先,海南,SUCCEEDED
41,10.25,TC30-H41-T2,8.0,海南优先,海南,SUCCEEDED
42,10.5,TC30-H42-T1,8.0,海南优先,海南,SUCCEEDED
42,10.5,TC30-H42-T2,8.0,海南优先,海南,SUCCEEDED
43,10.75,TC30-H43-T1,8.0,海南优先,海南,SUCCEEDED
43,10.75,TC30-H43-T2,8.0,海南优先,海南,SUCCEEDED
44,11.0,TC30-H44-T1,8.0,海南优先,海南,SUCCEEDED
44,11.0,TC30-H44-T2,8.0,海南优先,海南,SUCCEEDED
45,11.25,TC30-H45-T1,8.0,加权平均,海南,SUCCEEDED
45,11.25,TC30-H45-T2,8.0,加权平均,海南,SUCCEEDED
46,11.5,TC30-H46-T1,8.0,海南优先,海南,SUCCEEDED
46,11.5,TC30-H46-T2,8.0,海南优先,海南,SUCCEEDED
47,11.75,TC30-H47-T1,8.0,加权平均,海南,SUCCEEDED
47,11.75,TC30-H47-T2,8.0,海南优先,海南,SUCCEEDED
48,12.0,TC30-H48-T1,8.0,海南优先,海南,SUCCEEDED
48,12.0,TC30-H48-T2,8.0,加权平均,海南,SUCCEEDED
49,12.25,TC30-H49-T1,8.0,加权平均,海南,SUCCEEDED
49,12.25,TC30-H49-T2,8.0,海南优先,海南,SUCCEEDED
50,12.5,TC30-H50-T1,8.0,海南优先,海南,SUCCEEDED
50,12.5,TC30-H50-T2,8.0,海南优先,海南,SUCCEEDED
51,12.75,TC30-H51-T1,8.0,海南优先,海南,SUCCEEDED
51,12.75,TC30-H51-T2,16.0,加权平均,海南,SUCCEEDED
52,13.0,TC30-H52-T1,16.0,海南优先,海南,SUCCEEDED
52,13.0,TC30-H52-T2,8.0,海南优先,海南,SUCCEEDED
53,13.25,TC30-H53-T1,8.0,加权平均,海南,SUCCEEDED
53,13.25,TC30-H53-T2,8.0,海南优先,海南,SUCCEEDED
54,13.5,TC30-H54-T1,8.0,海南优先,海南,SUCCEEDED
54,13.5,TC30-H54-T2,8.0,海南优先,海南,SUCCEEDED
55,13.75,TC30-H55-T1,8.0,海南优先,海南,SUCCEEDED
55,13.75,TC30-H55-T2,8.0,加权平均,海南,SUCCEEDED
56,14.0,TC30-H56-T1,8.0,海南优先,海南,SUCCEEDED
56,14.0,TC30-H56-T2,8.0,海南优先,海南,SUCCEEDED
57,14.25,TC30-H57-T1,8.0,海南优先,海南,SUCCEEDED
57,14.25,TC30-H57-T2,8.0,海南优先,海南,SUCCEEDED
58,14.5,TC30-H58-T1,8.0,海南优先,海南,SUCCEEDED
58,14.5,TC30-H58-T2,8.0,海南优先,海南,SUCCEEDED
59,14.75,TC30-H59-T1,8.0,海南优先,海南,SUCCEEDED
59,14.75,TC30-H59-T2,8.0,海南优先,海南,SUCCEEDED
60,15.0,TC30-H60-T1,8.0,海南优先,海南,SUCCEEDED
60,15.0,TC30-H60-T2,8.0,加权平均,海南,SUCCEEDED
61,15.25,TC30-H61-T1,8.0,加权平均,海南,SUCCEEDED
61,15.25,TC30-H61-T2,8.0,海南优先,海南,SUCCEEDED
62,15.5,TC30-H62-T1,8.0,海南优先,海南,SUCCEEDED
62,15.5,TC30-H62-T2,8.0,海南优先,海南,SUCCEEDED
63,15.75,TC30-H63-T1,8.0,海南优先,海南,SUCCEEDED
63,15.75,TC30-H63-T2,8.0,加权平均,海南,SUCCEEDED
64,16.0,TC30-H64-T1,8.0,海南优先,海南,SUCCEEDED
64,16.0,TC30-H64-T2,16.0,加权平均,海南,SUCCEEDED
65,16.25,TC30-H65-T1,16.0,加权平均,海南,SUCCEEDED
65,16.25,TC30-H65-T2,8.0,加权平均,海南,SUCCEEDED
66,16.5,TC30-H66-T1,8.0,海南优先,海南,SUCCEEDED
66,16.5,TC30-H66-T2,8.0,海南优先,海南,SUCCEEDED
67,16.75,TC30-H67-T1,8.0,加权平均,海南,SUCCEEDED
67,16.75,TC30-H67-T2,8.0,加权平均,海南,SUCCEEDED
68,17.0,TC30-H68-T1,8.0,海南优先,海南,SUCCEEDED
68,17.0,TC30-H68-T2,8.0,海南优先,海南,SUCCEEDED
69,17.25,TC30-H69-T1,8.0,加权平均,海南,SUCCEEDED
69,17.25,TC30-H69-T2,8.0,海南优先,海南,SUCCEEDED
70,17.5,TC30-H70-T1,8.0,海南优先,海南,SUCCEEDED
70,17.5,TC30-H70-T2,8.0,海南优先,海南,SUCCEEDED
71,17.75,TC30-H71-T1,8.0,海南优先,海南,SUCCEEDED
71,17.75,TC30-H71-T2,8.0,加权平均,海南,SUCCEEDED
72,18.0,TC30-H72-T1,8.0,海南优先,海南,SUCCEEDED
72,18.0,TC30-H72-T2,8.0,海南优先,海南,SUCCEEDED
73,18.25,TC30-H73-T1,8.0,海南优先,海南,SUCCEEDED
73,18.25,TC30-H73-T2,8.0,海南优先,海南,SUCCEEDED
74,18.5,TC30-H74-T1,8.0,加权平均,海南,SUCCEEDED
74,18.5,TC30-H74-T2,8.0,海南优先,海南,SUCCEEDED
75,18.75,TC30-H75-T1,8.0,海南优先,海南,SUCCEEDED
75,18.75,TC30-H75-T2,8.0,海南优先,海南,SUCCEEDED
76,19.0,TC30-H76-T1,8.0,海南优先,海南,SUCCEEDED
76,19.0,TC30-H76-T2,8.0,海南优先,海南,SUCCEEDED
77,19.25,TC30-H77-T1,8.0,海南优先,海南,SUCCEEDED
77,19.25,TC30-H77-T2,16.0,海南优先,海南,SUCCEEDED
78,19.5,TC30-H78-T1,16.0,加权平均,海南,SUCCEEDED
78,19.5,TC30-H78-T2,8.0,海南优先,海南,SUCCEEDED
79,19.75,TC30-H79-T1,8.0,海南优先,海南,SUCCEEDED
79,19.75,TC30-H79-T2,8.0,加权平均,海南,SUCCEEDED
80,20.0,TC30-H80-T1,8.0,海南优先,海南,SUCCEEDED
80,20.0,TC30-H80-T2,8.0,海南优先,海南,SUCCEEDED
81,20.25,TC30-H81-T1,8.0,海南优先,海南,SUCCEEDED
81,20.25,TC30-H81-T2,8.0,海南优先,海南,SUCCEEDED
82,20.5,TC30-H82-T1,8.0,海南优先,海南,SUCCEEDED
82,20.5,TC30-H82-T2,8.0,海南优先,海南,SUCCEEDED
83,20.75,TC30-H83-T1,8.0,加权平均,海南,SUCCEEDED
83,20.75,TC30-H83-T2,8.0,海南优先,海南,SUCCEEDED
84,21.0,TC30-H84-T1,8.0,加权平均,海南,SUCCEEDED
84,21.0,TC30-H84-T2,8.0,加权平均,海南,SUCCEEDED
85,21.25,TC30-H85-T1,8.0,海南优先,海南,SUCCEEDED
85,21.25,TC30-H85-T2,8.0,加权平均,海南,SUCCEEDED
86,21.5,TC30-H86-T1,8.0,加权平均,海南,SUCCEEDED
86,21.5,TC30-H86-T2,8.0,海南优先,海南,SUCCEEDED
87,21.75,TC30-H87-T1,8.0,加权平均,海南,SUCCEEDED
87,21.75,TC30-H87-T2,8.0,加权平均,海南,SUCCEEDED
88,22.0,TC30-H88-T1,8.0,加权平均,海南,SUCCEEDED
88,22.0,TC30-H88-T2,8.0,海南优先,海南,SUCCEEDED
89,22.25,TC30-H89-T1,8.0,海南优先,海南,SUCCEEDED
89,22.25,TC30-H89-T2,8.0,海南优先,海南,SUCCEEDED
90,22.5,TC30-H90-T1,8.0,海南优先,海南,SUCCEEDED
90,22.5,TC30-H90-T2,16.0,海南优先,海南,SUCCEEDED
91,22.75,TC30-H91-T1,16.0,加权平均,海南,SUCCEEDED
91,22.75,TC30-H91-T2,8.0,加权平均,海南,SUCCEEDED
92,23.0,TC30-H92-T1,8.0,海南优先,海南,SUCCEEDED
92,23.0,TC30-H92-T2,8.0,海南优先,海南,SUCCEEDED
93,23.25,TC30-H93-T1,8.0,加权平均,海南,SUCCEEDED
93,23.25,TC30-H93-T2,8.0,海南优先,海南,SUCCEEDED
94,23.5,TC30-H94-T1,8.0,加权平均,海南,SUCCEEDED
94,23.5,TC30-H94-T2,8.0,加权平均,海南,SUCCEEDED
95,23.75,TC30-H95-T1,8.0,海南优先,海南,SUCCEEDED
95,23.75,TC30-H95-T2,8.0,海南优先,海南,SUCCEEDED
